"Rank","Use Case","Impact Score","Financial Impact","Business Development","Innovation Impact","Implementation Feasibility","Time to Value","AI Applications","Bleeding-Edge Technology","Verifiable Sources","Additional Insights"
"1","Drug Repurposing","41/50","10/10","9/10","8/10","7/10","7/10","Multimodal deep learning models analyzing chemical structures, genomic data, and medical literature simultaneously to identify new indications","Quantum computing like Microsoft's Majorana chip accelerating molecular simulations","Nature Reviews Drug Discovery: AI-driven repurposing reduces development from 10+ years to 1-2 years & costs from $2-3B to $300M","Highest ROI by leveraging existing safety data and approved compounds"
"2","Boosting Clinical Trial Retention","39/50","9/10","8/10","7/10","7/10","8/10","Generative AI chatbots with personalized support; reinforcement learning for engagement optimization","Edge AI on patient devices for real-time support without privacy concerns","Clinical Trials Arena: Dropouts cost ~$600K per trial in additional recruitment","30% dropout rate directly impacts statistical power and validity of results"
"3","Accelerated Drug Discovery","39/50","10/10","10/10","9/10","5/10","5/10","AlphaFold-like protein structure prediction with generative chemistry models","Quantum computing for molecular interaction simulation","DeepMind's AlphaFold 2 demonstrated AI potential by predicting protein structures with atomic precision","Drug discovery represents costliest part of pharma R&D with highest failure rates"
"4","Predicting Clinical Trial Success","39/50","10/10","9/10","8/10","6/10","6/10","Ensemble ML models analyzing historical data, patient characteristics, protocol design","Cloud-based distributed computing for vast datasets","BIO Industry Analysis: Only 9.6% of drug programs result in FDA approval; MIT: Failed trials cost $800M+ annually","Predicting failure before investment could save billions industry-wide"
"5","Personalized Medicine","39/50","9/10","10/10","9/10","5/10","6/10","Multi-omics integration using deep learning connecting genomic, proteomic, clinical data","Edge computing for privacy-preserving analysis","McKinsey: Personalized medicine could generate $2T in value","Represents paradigm shift from ""one-size-fits-all"" to targeted therapies"
"6","Adverse Event Prediction","39/50","9/10","8/10","7/10","7/10","8/10","NLP of medical records and social media with temporal graph neural networks","Federated learning across institutions","FDA: Adverse drug events cause 100K+ deaths annually, costing $136B","Early detection prevents market withdrawals costing billions"
"7","Complex Data Management","38/50","9/10","8/10","7/10","7/10","7/10","Automated data cleaning using transfer learning models understanding clinical context","Serverless computing and microservices architecture","Each day of delay costs $800K in unrealized sales, $40K in direct costs","Efficient data management is foundation for all other AI applications"
"8","Patient Identification","37/50","9/10","8/10","7/10","6/10","7/10","NLP of social media and EHRs to identify eligible patients","Privacy-preserving computation","Tufts CSDD: 7-8 months average recruitment time; 80% of trials miss enrollment timelines","Better targeting improves statistical power and accelerates completion"
"9","Synthetic Control Arms","37/50","9/10","8/10","9/10","5/10","6/10","GANs creating realistic synthetic patient data maintaining statistical properties","Quantum machine learning for more accurate synthetic data","FDA guidance on synthetic control arms indicates growing acceptance","Reduces patients needed for control groups, addressing ethical concerns"
"10","Real-World Evidence Generation","37/50","8/10","9/10","8/10","6/10","6/10","Causal inference models deriving insights from observational data","Blockchain for secure, verifiable data collection","National Academies emphasis on RWE for regulatory decisions","Bridges gap between controlled trials and clinical practice"
"11","Clinical Data Review","38/50","8/10","7/10","7/10","8/10","8/10","NLP to interpret specifications; ML for pattern recognition; automated rule generation","Zero-shot learning for document understanding; MLOps for continuous improvement","Syneos Health: ""AI empowers medical monitors to detect patterns, identify anomalies and improve decision-making in real time"" (Jan 2025)","Automating data review identifies patterns human reviewers might miss"
"12","Site Selection Assistant","37/50","8/10","8/10","7/10","7/10","7/10","Predictive analytics combining site performance, demographics, recruitment potential","Knowledge graphs representing relationships between sites, investigators, patient populations","Tufts CSDD: Patient recruitment accounts for >30% of clinical trial time","Optimal site selection directly impacts recruitment timelines and data quality"
"13","Automated Data Analysis & Real-time Monitoring","37/50","8/10","8/10","8/10","6/10","7/10","Anomaly detection in real-time data streams; automated signal detection; predictive analytics","Edge computing for real-time analysis at trial sites","Syneos Health: AI tools ""automate data integration, harmonize disparate data sources and enhance collaboration""","Real-time monitoring can detect safety signals earlier than traditional approaches"
"14","Rising R&D Costs","36/50","9/10","7/10","6/10","7/10","7/10","Portfolio optimization using reinforcement learning; predictive models for resource requirements","Digital twins of development programs to simulate resource allocation strategies","Deloitte & PwC: Current estimates exceed $2B per approved drug","Resource optimization has multiplicative effects across entire pipeline"
"15","Clinical Data Discrepancy Validation","35/50","7/10","6/10","6/10","8/10","8/10","ML classifiers to predict appropriate status for discrepancies; NLP to interpret error messages","Explainable AI to provide rationale for status assignments","Process currently ""time-consuming"" and ""challenging"" for ""critical milestones""","Reduces significant bottleneck in clinical data management workflows"
"16","Clinical Trial Patient Digital Twin","35/50","8/10","7/10","9/10","5/10","6/10","Advanced ML for patient trajectory prediction; GANs for synthetic data generation","Quantum computing for biological system modeling; federated learning across institutions","""Digital twins add information about patients already in the trial...treated as covariates, they do not introduce bias""","Novel approach without statistical biases of synthetic control arms"
"17","Inference from Increased Protocol Amendments","34/50","7/10","6/10","6/10","8/10","7/10","NLP for protocol document analysis; pattern recognition across historical amendments","Knowledge graphs representing protocol elements; causal inference models","""Robust protocol designs...directly affect duration and increase confidence in execution""","Each amendment causes ripple effects throughout trial operations"
"18","Automated Data Management Platforms","33/50","7/10","7/10","6/10","7/10","6/10","Automated ETL processes; data quality monitoring; intelligent data integration","Cloud-native architectures; containerized microservices","Contract Pharma: ""Value of a day of delay is worth ~$800,000 in unrealized drug sales""","Foundational infrastructure enabling all other AI applications"